ID,model_predict
z002,4.8861040863771175
z003,6.00036079383721
z004,5.197460918988858
z005,5.888021636270604
z006,5.869520252077636
