ID,model_predict
z002,4.910422498605438
z003,6.007320200883973
z004,5.343606754136113
z005,5.837122040720683
z006,5.963492130657658
